{
    "cumulative_probs_bfs": {
        "attacker": 1,
        "C1_configservice": 0,
        "C1_turbine": 0,
        "C1_springclouddashboard": 0,
        "C2_serviceb": 0,
        "C2_hystrixdashboard": 0,
        "C2_rabbitmq": 0,
        "C1_zuul": 0.7952,
        "C2_zuul": 0.7952,
        "C1_eureka": 0.63234,
        "C1_VM1": 0.68298,
        "C2_eureka": 0.79495,
        "C2_VM1": 0.37829,
        "C1_servicea": 0.50284,
        "C1_servicec": 0.74912,
        "C1_serviceb": 0.75873,
        "C1_VM2": 0.38935,
        "C1_hystrixdashboard": 0.26969,
        "C1_rabbitmq": 0.99014,
        "PH1": 0.31705,
        "C2_servicea": 0.56347,
        "C2_servicec": 0.72402,
        "C2_springclouddashboard": 0.77556,
        "C2_configservice": 0.3653,
        "C2_VM2": 0.37967,
        "PH2": 0.29272,
        "C2_turbine": 0.8605
    },
    "cumulative_probs_dfs": {
        "attacker": 1,
        "C1_configservice": 0,
        "C1_turbine": 0,
        "C1_springclouddashboard": 0,
        "C2_serviceb": 0,
        "C2_hystrixdashboard": 0,
        "C2_rabbitmq": 0,
        "C1_zuul": 0.7952,
        "C1_eureka": 0.63234,
        "C1_servicea": 0.50284,
        "C1_servicec": 0.64985,
        "C1_serviceb": 0.74431,
        "C1_rabbitmq": 0.95518,
        "C1_VM1": 0.85612,
        "C1_VM2": 0.39222,
        "PH2": 0.15488,
        "C1_hystrixdashboard": 0.33806,
        "PH1": 0.34686,
        "C2_VM1": 0.13697,
        "C2_configservice": 0.05409,
        "C2_servicec": 0.04301,
        "C2_servicea": 0.14128,
        "C2_eureka": 0.29068,
        "C2_springclouddashboard": 0.33167,
        "C2_zuul": 0.7952,
        "C2_turbine": 0.33156,
        "C2_VM2": 0.27174
    }
}