{
    "cumulative_probs_bfs": {
        "attacker": 1,
        "C1_configservice": 0,
        "C2_springclouddashboard": 0,
        "C1_zuul": 0.85,
        "C1_eureka": 0.6375,
        "C1_servicea": 0.47812,
        "C1_servicec": 0.6892,
        "C1_serviceb": 0.71531,
        "C1_springclouddashboard": 0.80627,
        "C1_turbine": 0.67727,
        "C1_hystrixdashboard": 0.53504,
        "C1_VM1": 0.80223,
        "C1_rabbitmq": 0.81758,
        "C1_VM2": 0.7495,
        "PH2": 0.61459,
        "PH1": 0.79445,
        "C2_VM1": 0.69117,
        "C2_configservice": 0.52529,
        "C2_serviceb": 0.69978,
        "C2_servicec": 0.76316,
        "C2_servicea": 0.74218,
        "C2_eureka": 0.88496,
        "C2_rabbitmq": 0.85513,
        "C2_turbine": 0.72686,
        "C2_zuul": 0.85,
        "C2_hystrixdashboard": 0.68673,
        "C2_VM2": 0.83353
    }
}