{
    "cumulative_probs_bfs": {
        "attacker": 1,
        "C1_configservice": 0,
        "C1_turbine": 0,
        "C1_springclouddashboard": 0,
        "C2_serviceb": 0,
        "C2_hystrixdashboard": 0,
        "C2_rabbitmq": 0,
        "C1_zuul": 0.7952,
        "C2_zuul": 0.7952,
        "C1_eureka": 0.63234,
        "C1_VM1": 0.68298,
        "C2_eureka": 0.79495,
        "C2_VM1": 0.37829,
        "C1_servicea": 0.50284,
        "C1_servicec": 0.74912,
        "C1_serviceb": 0.75873,
        "C1_VM2": 0.38935,
        "C1_hystrixdashboard": 0.26969,
        "C1_rabbitmq": 0.99014,
        "C2_servicea": 0.56347,
        "C2_servicec": 0.72402,
        "C2_springclouddashboard": 0.77556,
        "C2_configservice": 0.3653,
        "C2_VM2": 0.37967,
        "C2_turbine": 0.8605
    },
    "cumulative_probs_dfs": {
        "attacker": 1,
        "C1_configservice": 0,
        "C1_turbine": 0,
        "C1_springclouddashboard": 0,
        "C2_serviceb": 0,
        "C2_hystrixdashboard": 0,
        "C2_rabbitmq": 0,
        "C1_zuul": 0.7952,
        "C2_zuul": 0.7952,
        "C1_eureka": 0.63234,
        "C2_eureka": 0.79495,
        "C1_servicea": 0.50284,
        "C1_servicec": 0.64985,
        "C1_serviceb": 0.74431,
        "C2_servicea": 0.51337,
        "C2_servicec": 0.71585,
        "C1_rabbitmq": 0.95518,
        "C1_VM1": 0.85612,
        "C1_VM2": 0.39222,
        "C2_configservice": 0.34027,
        "C2_VM1": 0.38955,
        "C2_VM2": 0.32638,
        "C2_turbine": 0.32628,
        "C2_springclouddashboard": 0.78497,
        "C1_hystrixdashboard": 0.33806
    }
}