{
    "cumulative_probs_bfs": {
        "attacker": 1,
        "C1_configservice": 0,
        "C1_servicec": 0,
        "C1_turbine": 0,
        "C1_springclouddashboard": 0,
        "C2_serviceb": 0,
        "C2_servicea": 0,
        "C2_hystrixdashboard": 0,
        "C2_rabbitmq": 0,
        "C1_zuul": 0.7952,
        "C2_zuul": 0.7952,
        "C1_eureka": 0.63234,
        "C1_VM1": 0.68298,
        "C2_eureka": 0.79495,
        "C2_VM1": 0.37829,
        "C1_servicea": 0.50284,
        "C1_serviceb": 0.64985,
        "C1_VM2": 0.38686,
        "C1_hystrixdashboard": 0.26969,
        "C1_rabbitmq": 0.94451,
        "PH1": 0.31705,
        "C2_servicec": 0.63214,
        "C2_springclouddashboard": 0.73522,
        "C2_configservice": 0.30457,
        "C2_VM2": 0.37096,
        "PH2": 0.29086,
        "C2_turbine": 0.83318
    },
    "cumulative_probs_dfs": {
        "attacker": 1,
        "C1_configservice": 0,
        "C1_servicec": 0,
        "C1_turbine": 0,
        "C1_springclouddashboard": 0,
        "C2_serviceb": 0,
        "C2_servicea": 0,
        "C2_hystrixdashboard": 0,
        "C2_rabbitmq": 0,
        "C1_zuul": 0.7952,
        "C1_eureka": 0.63234,
        "C1_servicea": 0.50284,
        "C1_serviceb": 0.64985,
        "C1_rabbitmq": 0.82566,
        "C1_VM1": 0.82821,
        "C1_hystrixdashboard": 0.32704,
        "C1_VM2": 0.39053,
        "PH2": 0.15421,
        "PH1": 0.3375,
        "C2_VM1": 0.13327,
        "C2_configservice": 0.05262,
        "C2_servicec": 0.04184,
        "C2_eureka": 0.16948,
        "C2_springclouddashboard": 0.1624,
        "C2_turbine": 0.16235,
        "C2_VM2": 0.20027,
        "C2_zuul": 0.7952
    }
}